Glon_1,glat_1,comments,col1,Glon_2,Glat_2,3_6mag,e_3_6mag,4_5mag,e_4_5mag,size,sources_cluster,tile,color_bin,sources_20_arcmin,sources_tile,significance,overdensity,Separation
350.3747,-0.9292,,344,350.3747,-0.929242,12.852789473684211,0.10957894736842104,11.977526315789476,0.12126315789473685,0.026297309748337903,19,split_350.0_360.0/0_3.csv,0.6-4.0,298,341627,0.6974149441572807,6.1,4.200638961793235E-5
350.126,-1.0622,,340,350.12597999999997,-1.062179,13.504909090909093,0.08263636363636365,12.634045454545454,0.11154545454545456,0.017081408987541617,22,split_350.0_360.0/0_3.csv,0.6-4.0,363,341627,1.2432199182348516,7.54,2.8963971463023567E-5
350.3236,-0.4945,,1369,350.32362,-0.4944625,13.523944444444444,0.09716666666666668,12.702833333333334,0.11594444444444445,0.01901124917647463,18,split_350.0_360.0/0_4.csv,0.6-4.0,298,373558,0.8739928784454334,3.02,4.250988768875249E-5
350.0546,-1.2486,,356,350.054617,-1.248592,13.259677419354837,0.08974193548387098,12.20748387096774,0.126741935483871,0.02422267790724685,31,split_350.0_360.0/0_3.csv,0.6-4.0,197,341627,1.2353457047573777,7.52,1.879089391108055E-5
350.0573,-0.0228,,1403,350.057294,-0.022786,13.228666666666667,0.12893333333333334,12.430066666666667,0.14133333333333334,0.037319999999999985,15,split_350.0_360.0/0_4.csv,0.6-4.0,317,373558,0.3710185867852456,2.65,1.5231899571781786E-5
350.0951,-1.0334,,339,350.095083,-1.033389,14.08286956521739,0.1122608695652174,13.167652173913044,0.12560869565217392,0.013890993089032851,23,split_350.0_360.0/0_3.csv,0.6-4.0,351,341627,1.5982455754554366,4.25,2.028043074102685E-5
350.1818,-1.2593,,354,350.181843,-1.259347,13.574071428571427,0.09464285714285717,12.770499999999998,0.11035714285714286,0.03255771791760235,14,split_350.0_360.0/0_3.csv,0.6-4.0,237,341627,0.41507162915467416,3.36,6.370721804566616E-5
350.2698,1.3351,,975,350.269805,1.335145,13.493956521739133,0.11317391304347825,12.667478260869565,0.12230434782608697,0.03392307627555558,23,split_350.0_360.0/0_5.csv,0.6-4.0,167,319385,0.6768624366490805,9.05,4.5222520003785306E-5
350.2783,-0.5075,,1368,350.278317,-0.5075029999999999,13.695711111111109,0.0995111111111111,12.74137777777778,0.1096,0.02655883058417929,45,split_350.0_360.0/0_4.csv,0.6-4.0,298,373558,1.5640463101270887,7.31,1.7263920961827854E-5
350.346,0.1289,,1402,350.34595299999995,0.1289275,12.80205,0.10487499999999997,11.9553,0.11595,0.05548315983475896,40,split_350.0_360.0/0_4.csv,0.6-4.0,300,373558,0.6654950775484804,2.57,5.445087056898334E-5
350.3951,0.9129,,946,350.395138,0.912925,13.418478260869565,0.10300000000000001,12.49108695652174,0.1088695652173913,0.030076518299137142,23,split_350.0_360.0/0_5.csv,0.6-4.0,375,319385,0.7634279951600613,4.05,4.550220239183469E-5
350.4056,-0.8893,,345,350.405578,-0.889336,13.381105263157895,0.1066842105263158,12.510473684210528,0.14489473684210524,0.02215629177005393,19,split_350.0_360.0/0_3.csv,0.6-4.0,306,341627,0.8277620190221547,6.35,4.219964891317836E-5
350.4212,1.1135,,960,350.42124900000005,1.1134760000000001,13.374733333333333,0.12246666666666667,12.550333333333333,0.145,0.05104835649657049,30,split_350.0_360.0/0_5.csv,0.6-4.0,280,319385,0.5866881225957591,3.32,5.456147202123525E-5
350.483,-0.9405,,346,350.483001,-0.940458,13.528370370370373,0.10348148148148148,12.618074074074075,0.12107407407407407,0.01752064753368845,27,split_350.0_360.0/0_3.csv,0.6-4.0,292,341627,1.487519204225848,5.05,4.2032877968630055E-5
350.5053,-0.3946,,1376,350.505264,-0.394578,13.63717391304348,0.11308695652173913,12.633608695652175,0.11043478260869566,0.017754633705031712,23,split_350.0_360.0/0_4.csv,0.6-4.0,430,373558,1.195809948147898,5.48,4.219211009351386E-5
350.5215,1.0012,,943,350.521504,1.001214,13.745666666666665,0.10099999999999999,12.888757575757575,0.12084848484848484,0.025864880359290358,33,split_350.0_360.0/0_5.csv,0.6-4.0,475,319385,1.2737120922423255,4.6,1.459800337116891E-5
350.5263,-0.2568,,1370,350.526301,-0.256842,13.70704109589041,0.1085068493150685,12.938890410958905,0.13216438356164384,0.05848263291781412,73,split_350.0_360.0/0_4.csv,0.6-4.0,446,373558,1.1522374497225711,3.25,4.2016002712964394E-5
350.5363,-0.7481,,349,350.536331,-0.7481439999999999,13.436482758620686,0.08341379310344829,12.606551724137928,0.10627586206896553,0.023196478051603117,29,split_350.0_360.0/0_3.csv,0.6-4.0,257,341627,1.2067711456611283,3.58,5.383789847867119E-5
350.5911,-0.2443,,1371,350.591096,-0.24428900000000006,13.434142857142856,0.114,12.668499999999998,0.12357142857142855,0.026856156705703568,14,split_350.0_360.0/0_4.csv,0.6-4.0,507,373558,0.4812050941063762,5.27,1.1698045450385233E-5
350.725,-0.3205,,1374,350.724988,-0.320558,13.895,0.11253333333333332,12.987666666666666,0.13833333333333336,0.011967318538417294,15,split_350.0_360.0/0_4.csv,0.6-4.0,500,373558,1.157018893946529,6.5,5.9241679660248604E-5
350.7586,0.8844,,932,350.758621,0.884397,13.916703703703707,0.09725925925925924,13.118074074074073,0.12337037037037038,0.016124683469740792,27,split_350.0_360.0/0_5.csv,0.6-4.0,645,319385,1.6716308287041408,0.67,2.1214635420812772E-5
350.8066,-0.8506,,363,350.806625,-0.850558,13.429034482758622,0.10924137931034483,12.605620689655172,0.1202413793103448,0.037328999999999724,29,split_350.0_360.0/0_3.csv,0.6-4.0,192,341627,0.7498952662443816,5.29,4.8881003419716545E-5
350.8873,-0.8738,,364,350.887305,-0.873842,14.120153846153846,0.14192307692307693,13.311846153846155,0.17907692307692308,0.03955071818563141,13,split_350.0_360.0/0_3.csv,0.6-4.0,195,341627,0.317276530866514,6.55,4.2316742870386454E-5
350.0907,-0.9598,,338,350.0906735,-0.9598209999999999,13.362777777777774,0.10744444444444444,12.572611111111113,0.11544444444444445,0.022025040732058392,18,split_350.0_360.0/0_3.csv,0.6-4.0,385,341627,0.7888687545504822,3.46,3.380890037546671E-5
350.9738,-0.3648,,1389,350.973803,-0.3648165,13.190500000000002,0.09584615384615383,12.189461538461535,0.11296153846153845,0.024565946190839717,26,split_350.0_360.0/0_4.csv,0.6-4.0,254,373558,0.9769804979428548,1.98,1.676445788605063E-5
350.9738,-0.5691,,368,350.96926,-0.5755555000000001,14.05822727272727,0.14427272727272727,13.306818181818182,0.14645454545454542,0.036730220394774686,22,split_350.0_360.0/0_3.csv,0.6-4.0,85,341627,0.5781600996831648,2.65,0.007892071472595753
350.1735,0.0039,,1397,350.1734815,0.003889,13.3425,0.0993125,12.4195,0.1163125,0.017476322274708345,16,split_350.0_360.0/0_4.csv,0.6-4.0,435,373558,0.8451153320811337,7.67,2.1523189188055352E-5
350.7158,1.0239,,938,350.7158015,1.0238554999999998,12.678714285714287,0.09592857142857143,11.769071428571428,0.13192857142857142,0.008033151591980833,14,split_350.0_360.0/0_5.csv,0.6-4.0,624,319385,1.7398422743678414,5.72,4.455729900324649E-5
350.7175,0.0286,,1387,350.7174815,0.028647,13.762708333333334,0.11204166666666666,12.972729166666667,0.13089583333333332,0.03360042823015805,48,split_350.0_360.0/0_4.csv,0.6-4.0,354,373558,1.3186892561229941,6.64,5.051004420579035E-5
350.8111,0.5017,,967,350.8110885,0.5016959999999999,13.436708333333335,0.12166666666666667,12.685125,0.11670833333333334,0.02235263025355414,24,split_350.0_360.0/0_5.csv,0.6-4.0,269,319385,1.071890478922404,4.48,1.2170572846030909E-5
350.929,0.7557,G3CC_45,953,350.9290295,0.7557045,12.834583333333335,0.07791666666666669,11.747055555555557,0.08377777777777777,0.014006395200058284,36,split_350.0_360.0/0_5.csv,0.6-4.0,460,319385,2.5659248370584886,4.8,2.9842426922624256E-5
350.9437,-0.2919,,1390,350.9436725,-0.2919195,13.979357142857143,0.14214285714285713,13.176071428571428,0.14335714285714288,0.03453085777243301,14,split_350.0_360.0/0_4.csv,0.6-4.0,283,373558,0.3742542250201713,0.8,3.3706858671173355E-5
350.1153,0.096,G3CC_44,1399,350.11531549999995,0.0959875,13.287499999999998,0.11571428571428573,11.979642857142858,0.11278571428571428,0.011990051980707126,14,split_350.0_360.0/0_4.csv,0.6-4.0,443,373558,1.0778368130261855,7.35,1.9912831569336717E-5
350.209,1.3149,,976,350.20897599999995,1.314853,13.76229411764706,0.09423529411764707,12.553823529411767,0.10205882352941176,0.01633664485134975,17,split_350.0_360.0/0_5.csv,0.6-4.0,181,319385,1.0388524286361396,11.0,5.280928466179989E-5
350.2121,0.313,,1416,350.2120700000001,0.313025,14.028846153846152,0.12446153846153846,13.290153846153846,0.15746153846153849,0.0348740496357935,13,split_350.0_360.0/0_4.csv,0.6-4.0,223,373558,0.34410185499837603,3.21,3.905536969452422E-5
350.4701,-1.218,,359,350.4700615000001,-1.2179754999999999,13.874611111111115,0.1307222222222222,13.154555555555556,0.15544444444444444,0.07234024884183829,18,split_350.0_360.0/0_3.csv,0.6-4.0,98,341627,0.2401825640551808,-1.92,4.5663624033089755E-5
350.484,0.0059,,1393,350.4840430000001,0.005939,14.176117647058824,0.1468823529411765,13.389411764705885,0.1567058823529412,0.02888575745932598,17,split_350.0_360.0/0_4.csv,0.6-4.0,283,373558,0.5432643464089696,1.89,5.805155202177912E-5
350.7204,0.8803,,931,350.7204485000001,0.880294,12.518590909090907,0.0839090909090909,11.757363636363635,0.09872727272727272,0.015483461152131091,22,split_350.0_360.0/0_5.csv,0.6-4.0,667,319385,1.4184774560131126,5.38,4.8867935586398554E-5
351.0341,-0.3396,,1223,351.034058,-0.3396305,13.2255,0.07694999999999999,12.3805,0.11445000000000002,0.021507352144092,20,split_350.0_360.0/1_4.csv,0.6-4.0,174,361176,0.8729887988862534,4.13,5.1908042673518566E-5
351.0385,-0.1409,,1228,351.038481,-0.14089400000000002,13.891529411764704,0.12752941176470586,13.141823529411766,0.14700000000000002,0.03613841259656875,17,split_350.0_360.0/1_4.csv,0.6-4.0,171,361176,0.4416166826786872,3.21,1.9925138875075244E-5
351.1383,0.7539,,199,351.138261,0.7539279999999999,13.387290322580647,0.11200000000000003,12.558774193548386,0.12525806451612906,0.039944123034537767,31,split_350.0_360.0/1_5.csv,0.6-4.0,332,205041,0.9669711370671848,3.8,4.8015366129019565E-5
351.4864,-0.1539,,1285,351.486394,-0.153911,13.978117647058824,0.12141176470588233,13.155058823529416,0.14811764705882352,0.0325784091846227,17,split_350.0_360.0/1_4.csv,0.6-4.0,297,361176,0.4898743151554286,1.77,1.253218278743253E-5
351.4984,0.2522,,1238,351.498381,0.252206,13.875722222222226,0.12155555555555556,13.110777777777775,0.1438333333333333,0.035292169811470576,18,split_350.0_360.0/1_4.csv,0.6-4.0,254,361176,0.4788062013249443,2.5,1.9922620102653325E-5
351.596,0.7662,,194,351.595968,0.7662359999999999,13.83842857142857,0.09380952380952384,12.987714285714285,0.11104761904761903,0.01579698870034708,21,split_350.0_360.0/1_5.csv,0.6-4.0,584,205041,1.656340782683081,4.16,4.816188791865655E-5
351.6029,-0.3383,,1269,351.602926,-0.338253,13.48186956521739,0.09447826086956522,12.686347826086955,0.11268115942028985,0.04050225598659587,69,split_350.0_360.0/1_4.csv,0.6-4.0,636,361176,1.5993204785899757,14.7,5.3703183689733506E-5
351.7864,-0.5376,,1258,351.786415,-0.537633,13.7392,0.09028,12.74312,0.11148,0.01497623520781329,25,split_350.0_360.0/1_4.csv,0.6-4.0,367,361176,1.5671226158443217,3.34,3.626658945446589E-5
351.8055,-0.4572,,1256,351.805486,-0.4572,13.588043478260868,0.1005217391304348,12.482608695652173,0.10417391304347826,0.013806795138656291,23,split_350.0_360.0/1_4.csv,0.6-4.0,496,361176,1.5638697413830192,3.88,1.4000003077723492E-5
351.8641,-0.1265,,1244,351.864119,-0.1264865,13.534466666666667,0.1182,12.788900000000002,0.12723333333333334,0.02428185720352395,30,split_350.0_360.0/1_4.csv,0.6-4.0,686,361176,1.159858409395248,5.24,2.3305169591992415E-5
351.1399,-0.1119,,1227,351.1399235,-0.1118655,13.996312499999998,0.132375,13.1,0.1388125,0.03501818091364948,16,split_350.0_360.0/1_4.csv,0.6-4.0,235,361176,0.4289355306443373,4.25,4.174472109766486E-5
351.2735,1.046,,213,351.2735255,1.0460334999999998,13.742619047619044,0.1260952380952381,12.883666666666665,0.13557142857142854,0.07607305378712646,42,split_350.0_360.0/1_5.csv,0.6-4.0,173,205041,0.6878965763931644,3.22,4.209803355787373E-5
351.4113,0.6478,NAME_NGC_6334-I,187,351.4112615,0.6477890000000001,12.159571428571427,0.10185714285714287,11.091642857142856,0.1045,0.01310958631117134,14,split_350.0_360.0/1_5.csv,0.6-4.0,734,205041,1.3305884720238137,5.0,4.0048394848551865E-5
351.5435,-0.0609,,1287,351.5435065,-0.060875,13.839285714285715,0.1519285714285714,13.145214285714287,0.15778571428571425,0.037110039291964214,14,split_350.0_360.0/1_4.csv,0.6-4.0,311,361176,0.35416222972558703,3.93,2.5830207797781757E-5
351.5658,-0.55833,,1150,351.5658315,-0.5582860000000001,13.713111111111115,0.09033333333333332,12.985277777777776,0.1167777777777778,0.010119942354065829,18,split_350.0_360.0/1_3.csv,0.6-4.0,339,222837,2.1258170139013126,3.48,5.411285728303691E-5
352.8893,0.4854,,584,352.8892915,0.485439,14.24905,0.122075,13.515625,0.1498,0.05478833794016337,40,split_350.0_360.0/2_5.csv,0.6-4.0,223,189952,0.9450939734316928,1.95,3.99240618316911E-5
351.7986,-0.4824,,1257,351.7985905,-0.482361,14.01955,0.094925,12.972575,0.113275,0.019073536936008315,40,split_350.0_360.0/1_4.csv,0.6-4.0,462,361176,1.9687672588976992,9.41,4.014047133871624E-5
351.0534,-1.6813,,1037,351.05335950000006,-1.681346,13.795071428571427,0.117,13.081071428571427,0.15307142857142855,0.06719145605098614,14,split_350.0_360.0/1_2.csv,0.6-4.0,51,84512,0.4043708650861135,2.65,6.125519112916006E-5
351.2624,0.6561,[FMM2009]_XE,185,351.2623680000001,0.656064,11.80204,0.10604000000000001,10.94228,0.11136,0.025309646955244403,25,split_350.0_360.0/1_5.csv,0.6-4.0,432,205041,1.2307182182274663,2.92,4.814777741092723E-5
351.3613,0.6659,[FMM2009]_XH,186,351.3612930000001,0.66589,11.43403846153846,0.11230769230769233,10.562923076923076,0.1100769230769231,0.02775029174614864,26,split_350.0_360.0/1_5.csv,0.6-4.0,675,205041,1.1673753070869812,6.45,1.2199993682208085E-5
351.7513,0.4256,,1289,351.7513464999999,0.42558199999999996,14.099944444444445,0.12211111111111113,13.364,0.15227777777777782,0.03883632526704775,18,split_350.0_360.0/1_4.csv,0.6-4.0,155,361176,0.4351109340997045,2.44,4.9859522233214374E-5
351.7696,-0.5325,"[LPS2011b]_Clump-1,G3CC_46",1259,351.7695834999999,-0.5324955,12.7888125,0.08399999999999999,11.5325,0.1053125,0.010719521561119556,16,split_350.0_360.0/1_4.csv,0.6-4.0,408,361176,1.4012325015396383,2.01,1.7110181613978692E-5
351.8751,0.6828,,204,351.8751220000001,0.6828029999999999,14.2126,0.10347999999999999,13.429920000000001,0.12688000000000002,0.02287544371154691,25,split_350.0_360.0/1_5.csv,0.6-4.0,623,205041,1.3616804114274472,2.37,2.220428691604304E-5
352.0056,0.7994,,571,352.005579,0.799381,14.088615384615386,0.10684615384615384,13.390384615384615,0.14253846153846153,0.012491692639523024,13,split_350.0_360.0/2_5.csv,0.6-4.0,495,189952,1.347178647933693,6.8,2.830080107249311E-5
352.0255,0.0705,,280,352.025494,0.0705125,13.89315909090909,0.11520454545454545,13.1435,0.13861363636363636,0.03930409089711619,44,split_350.0_360.0/2_4.csv,0.6-4.0,403,363712,1.0472760446671634,3.97,1.3864242484368508E-5
352.1271,-0.1245,,256,352.127078,-0.124514,13.37946153846154,0.09246153846153847,12.601538461538466,0.10907692307692307,0.010280451595151535,13,split_350.0_360.0/2_4.csv,0.6-4.0,1187,363712,1.1829800165101352,4.91,2.6077353640559153E-5
352.1621,0.4037,,318,352.162096,0.403683,13.191263157894735,0.10210526315789474,12.189052631578946,0.1465263157894737,0.013936516637954909,19,split_350.0_360.0/2_4.csv,0.6-4.0,264,363712,1.2753976486613998,8.69,1.745849364446453E-5
352.3163,-0.9869,,1164,352.316362,-0.986939,13.237529411764704,0.07852941176470588,12.195411764705884,0.11058823529411764,0.010772944490717223,17,split_350.0_360.0/2_3.csv,0.6-4.0,435,189559,2.0448777924139367,5.72,7.326109304268861E-5
352.3295,-0.454,,326,352.329455,-0.453997,13.67132,0.11027999999999999,12.886680000000002,0.13771999999999998,0.026850685093700543,25,split_350.0_360.0/2_4.csv,0.6-4.0,339,363712,0.8710255333067578,4.29,4.509963554592173E-5
352.4154,-0.1715,,272,352.415408,-0.171461,13.376942857142858,0.08311428571428571,12.541028571428573,0.10511428571428573,0.01963911902301164,35,split_350.0_360.0/2_4.csv,0.6-4.0,640,363712,1.6672176173678592,12.13,3.9809489375315165E-5
352.4198,-0.6041,,1180,352.419829,-0.604056,13.978923076923074,0.12192307692307693,13.207923076923075,0.14715384615384616,0.031117597111588475,13,split_350.0_360.0/2_3.csv,0.6-4.0,170,189559,0.5413649792028546,3.4,5.26880120206334E-5
352.523,0.6583,,579,352.523029,0.6583439999999999,14.079999999999995,0.10726666666666666,13.263733333333333,0.1318666666666667,0.016503706068646387,15,split_350.0_360.0/2_5.csv,0.6-4.0,408,189952,1.1765568242568598,3.46,5.271182126187512E-5
352.6048,-0.1931,VVV_CL116,274,352.604762,-0.1931225,12.58335714285714,0.11449999999999998,11.734857142857145,0.12914285714285714,0.013643858187850879,14,split_350.0_360.0/2_4.csv,0.6-4.0,494,363712,0.9599245249823796,7.16,4.415888991683567E-5
352.6445,-0.2481,,276,352.644517,-0.24811399999999997,13.504807692307693,0.10146153846153846,12.629923076923074,0.1311923076923077,0.02653286869148553,26,split_350.0_360.0/2_4.csv,0.6-4.0,431,363712,0.9167172188709992,5.84,2.2024216119398522E-5
352.8655,0.2893,,307,352.865517,0.289317,13.687476190476188,0.10323809523809524,12.81509523809524,0.12071428571428572,0.02156708538490919,21,split_350.0_360.0/2_4.csv,0.6-4.0,533,363712,0.910907096820597,6.67,2.4045373501596345E-5
352.8836,-1.0553,,1188,352.88356600000003,-1.0553375,13.688611111111115,0.13116666666666668,12.845166666666666,0.1617222222222222,0.05407089421537577,18,split_350.0_360.0/2_3.csv,0.6-4.0,114,189559,0.4313817941270027,2.65,5.062065069482963E-5
352.8978,-0.6061,,1186,352.897834,-0.606119,13.872631578947368,0.12394736842105265,13.148736842105265,0.1565263157894737,0.05614378687798962,19,split_350.0_360.0/2_3.csv,0.6-4.0,107,189559,0.4385355020474574,3.13,3.8937570424013766E-5
352.9201,-0.1055,,297,352.920065,-0.105489,13.567526315789474,0.095,12.808105263157895,0.11363157894736843,0.008343786790185772,19,split_350.0_360.0/2_4.csv,0.6-4.0,584,363712,2.1302798114982067,3.79,3.6687193589050704E-5
352.9576,0.3756,,309,352.957571,0.375586,13.875800000000002,0.10386666666666668,13.075466666666665,0.1226,0.011299602869102449,15,split_350.0_360.0/2_4.csv,0.6-4.0,364,363712,1.2418648287548213,5.66,3.2206901297489E-5
352.9587,0.3567,obscured,308,352.958662,0.356653,13.638130434782605,0.09030434782608696,12.801434782608695,0.1174782608695652,0.013694661879745645,23,split_350.0_360.0/2_4.csv,0.6-4.0,383,363712,1.5711685259600272,5.42,6.0442500287680466E-5
352.424,0.1837,,287,352.42397850000003,0.1836695,13.273714285714288,0.1310714285714286,12.53557142857143,0.1475,0.035855717709993205,14,split_350.0_360.0/2_4.csv,0.6-4.0,369,363712,0.3652715641011831,2.01,3.731235797949662E-5
352.5592,-0.9039,,1173,352.5591875,-0.903947,14.039916666666665,0.11924999999999998,13.254083333333332,0.13958333333333334,0.022921959433037514,12,split_350.0_360.0/2_3.csv,0.6-4.0,311,189559,0.6783945739839753,2.22,4.860747766654741E-5
352.6007,-0.1118,,278,352.60069649999997,-0.1117695,13.6869,0.1351,12.9255,0.13695000000000002,0.02859713409593238,20,split_350.0_360.0/2_4.csv,0.6-4.0,489,363712,0.6542650665604693,3.46,3.0700233930729836E-5
352.6395,-0.3426,,320,352.6395365,-0.342593,13.42113636363636,0.10927272727272727,12.55318181818182,0.1306818181818182,0.02345839645526952,22,split_350.0_360.0/2_4.csv,0.6-4.0,369,363712,0.8773454087635246,3.8,3.7162910513227505E-5
352.8336,0.1065,,305,352.8335985,0.10649699999999998,13.791153846153845,0.1153076923076923,13.060769230769232,0.1417692307692308,0.036680558491539984,26,split_350.0_360.0/2_4.csv,0.6-4.0,466,363712,0.6631070680436321,2.77,3.353888718208161E-6
352.8605,-0.1439,,303,352.8605045,-0.14393450000000002,13.503916666666667,0.11808333333333335,12.685916666666666,0.12358333333333335,0.016545751131330597,12,split_350.0_360.0/2_4.csv,0.6-4.0,618,363712,0.6784861815291626,6.53,3.478528989533926E-5
352.9504,-0.7224,,1185,352.9503525,-0.722404,13.3098125,0.12803125,12.568,0.1400625,0.08257536730315912,32,split_350.0_360.0/2_3.csv,0.6-4.0,100,189559,0.5021718029579519,-1.01,4.76673162166745E-5
352.0498,0.6042,,567,352.04978100000005,0.6042195,13.880227272727273,0.11431818181818182,13.07986363636364,0.12995454545454546,0.021092588182821524,22,split_350.0_360.0/2_5.csv,0.6-4.0,446,189952,1.3501932600223667,6.01,2.7221945331716348E-5
352.0646,0.6762,,568,352.0645580000001,0.6762060000000001,13.928407407407407,0.09281481481481482,12.995148148148148,0.11122222222222224,0.010873020969352026,27,split_350.0_360.0/2_5.csv,0.6-4.0,600,189952,3.2145239579312967,6.45,4.2430286184162596E-5
352.2214,-0.932,,1169,352.2214380000001,-0.931964,13.9840625,0.109125,13.168500000000002,0.1351875,0.035984928317261015,32,split_350.0_360.0/2_3.csv,0.6-4.0,383,189559,1.1523441345484604,3.47,5.233222136277873E-5
352.4756,0.7038,,578,352.4756435000001,0.7037665,14.063086956521742,0.1077608695652174,13.324478260869565,0.13232608695652176,0.039804060879562966,46,split_350.0_360.0/2_5.csv,0.6-4.0,453,189952,1.4960068366391075,10.46,5.491825616796517E-5
352.9399,-0.04,,296,352.9398930000001,-0.040031,13.924068965517245,0.11727586206896555,13.157931034482761,0.13413793103448274,0.02185605312034719,29,split_350.0_360.0/2_4.csv,0.6-4.0,578,363712,1.2412878630258446,8.03,3.178136926055249E-5
353.0836,0.994,,240,353.08365,0.994036,12.837179487179489,0.10689743589743593,12.00258974358974,0.10969230769230767,0.048602907978811935,39,split_350.0_360.0/3_5.csv,0.6-4.0,232,195539,1.023789618283106,4.27,6.160137998318067E-5
353.261,-0.3124,,1661,353.26099,-0.312414,13.494666666666665,0.1017619047619048,12.73609523809524,0.12771428571428572,0.017840362244069125,21,split_350.0_360.0/3_4.csv,0.6-4.0,1166,389718,1.0638134024006012,3.36,1.7193904157993372E-5
353.3991,-0.3545,,1649,353.39907,-0.354522,13.360578947368419,0.08199999999999999,12.420000000000002,0.1068421052631579,0.013182400388382049,19,split_350.0_360.0/3_4.csv,0.6-4.0,990,389718,1.302593581107936,4.54,3.7204688478713606E-5
353.052925,-0.1305,,1636,353.052925,-0.130503,13.966235294117649,0.11817647058823527,13.100294117647062,0.1429411764705882,0.02149041007055132,17,split_350.0_360.0/3_4.csv,0.6-4.0,425,389718,0.7149144083170997,3.06,2.996304512031811E-6
353.0719,-0.0353,,1679,353.071908,-0.035267,13.728866666666667,0.13466666666666668,12.758666666666665,0.1432666666666667,0.02476437041395754,15,split_350.0_360.0/3_4.csv,0.6-4.0,502,389718,0.5474113512297628,2.84,3.395731344464921E-5
353.0823,0.1374,,1681,353.082347,0.137372,13.851333333333335,0.1191851851851852,13.079518518518519,0.14492592592592593,0.03985954868034018,27,split_350.0_360.0/3_4.csv,0.6-4.0,352,389718,0.6121829337024417,1.66,5.470897645095977E-5
353.2404,0.1182,,1676,353.240402,0.11819149999999999,13.717333333333334,0.13558333333333333,12.978000000000002,0.14808333333333332,0.02327714860651791,12,split_350.0_360.0/3_4.csv,0.6-4.0,525,389718,0.4659092125008099,5.16,8.728863896485573E-6
353.2895,-0.0809,,1656,353.28954500000003,-0.08093600000000001,13.36122222222222,0.10277777777777776,12.6005,0.12594444444444447,0.010106884040110613,18,split_350.0_360.0/3_4.csv,0.6-4.0,1052,389718,1.6095521527931365,5.67,5.762902671985804E-5
353.351,0.0321,,1675,353.351027,0.032111,12.899399999999998,0.12333333333333332,12.096733333333333,0.13493333333333332,0.02900718852286788,15,split_350.0_360.0/3_4.csv,0.6-4.0,793,389718,0.4673426885191483,1.24,2.9154952869967276E-5
353.3937,-0.2273,,1668,353.393663,-0.227275,13.42060606060606,0.10472727272727274,12.591181818181818,0.1209090909090909,0.029543192955368162,33,split_350.0_360.0/3_4.csv,0.6-4.0,1274,389718,1.0095000388246906,4.83,4.465600250705313E-5
353.482,0.5942,,231,353.482045,0.5941805,13.043214285714285,0.07235714285714287,12.12,0.09335714285714283,0.01544717392439326,14,split_350.0_360.0/3_5.csv,0.6-4.0,307,195539,1.1563448432483612,10.5,4.9049341291872236E-5
353.5303,-1.0936,,46,353.530265,-1.0936290000000002,13.325791666666667,0.11525,12.341416666666666,0.14675,0.055242833182227516,24,split_350.0_360.0/3_3.csv,0.6-4.0,93,215381,0.5281492496994296,7.51,4.543113260320948E-5
353.5486,-0.6521,,42,353.548646,-0.6521020000000001,13.73375,0.12380000000000002,12.81395,0.14255,0.06287974535566143,20,split_350.0_360.0/3_3.csv,0.6-4.0,172,215381,0.3866700998262085,3.5,4.604230964754868E-5
353.636,0.1356,,1694,353.636022,0.135561,13.691809523809527,0.125,12.893428571428574,0.13876190476190478,0.03855208736242823,21,split_350.0_360.0/3_4.csv,0.6-4.0,326,389718,0.4922902430808096,3.05,4.4777766265528E-5
353.6425,0.8681,faint,244,353.64246099999997,0.8681155,13.025083333333335,0.10020833333333334,12.270208333333334,0.10941666666666666,0.05237150224358753,24,split_350.0_360.0/3_5.csv,0.6-4.0,135,195539,0.5846885362682074,5.67,4.19718649145684E-5
353.645,-0.7673,,43,353.644954,-0.767275,13.687666666666667,0.13653333333333334,12.824000000000002,0.14046666666666668,0.049355195653549316,15,split_350.0_360.0/3_3.csv,0.6-4.0,167,215381,0.36947048469412297,1.57,5.2359206146556454E-5
353.8374,-0.6883,,47,353.837406,-0.6883445,13.2168125,0.1285,12.4164375,0.14337499999999995,0.05451390521005346,16,split_350.0_360.0/3_3.csv,0.6-4.0,128,215381,0.3568075678311337,2.77,4.488925182724646E-5
353.9159,0.2562,,1698,353.915892,0.256158,13.4058064516129,0.0973548387096774,12.511129032258065,0.11138709677419356,0.017774214356764066,31,split_350.0_360.0/3_4.csv,0.6-4.0,623,389718,1.576235525446251,4.31,4.274111111862196E-5
353.9366,-1.0558,,48,353.936606,-1.055754,13.2375,0.129625,12.4675,0.142125,0.06347727550073247,16,split_350.0_360.0/3_3.csv,0.6-4.0,67,215381,0.30642420893996464,2.06,4.6351071205290874E-5
353.9964,0.3431,off*,1705,353.996417,0.34310450000000003,13.434571428571427,0.09121428571428572,12.453642857142857,0.10657142857142857,0.01737071786800994,14,split_350.0_360.0/3_4.csv,0.6-4.0,401,389718,0.7283835015966323,6.33,1.7582604777106645E-5
353.1695,0.891,Cl_Pismis_24,239,353.1694615,0.891043,12.11829411764706,0.0923529411764706,11.368117647058822,0.12029411764705883,0.0485523993253602,34,split_350.0_360.0/3_5.csv,0.6-4.0,219,195539,0.8934630352047209,5.49,5.773723405012022E-5
353.6452,0.6109,,232,353.6452415,0.610943,13.704090909090912,0.1361363636363636,12.926181818181815,0.14854545454545456,0.04390271744723995,22,split_350.0_360.0/3_5.csv,0.6-4.0,307,195539,0.6393514389389453,2.27,5.9770848119549714E-5
353.0513,0.6891,,227,353.0512945000001,0.689092,12.768875,0.12359375,11.970625,0.1188125,0.0413902436722613,32,split_350.0_360.0/3_5.csv,0.6-4.0,225,195539,0.9864165810486,5.3,9.730574617811063E-6
353.2023,-0.355,,1674,353.2023450000001,-0.3550275,14.039583333333335,0.14,13.301916666666665,0.16108333333333333,0.02210343469352391,12,split_350.0_360.0/3_4.csv,0.6-4.0,883,389718,0.4906494455228072,6.05,5.274315321754413E-5
353.4272,-0.0854,smm*,1665,353.4271535000001,-0.08543300000000001,13.643041666666667,0.10991666666666668,12.59383333333333,0.11966666666666667,0.015275430509512324,24,split_350.0_360.0/3_4.csv,0.6-4.0,776,389718,1.419932219883905,7.0,5.7019609191497964E-5
354.0294,0.4728,,77,354.02939,0.472807,13.887111111111116,0.13258333333333336,13.114638888888885,0.13644444444444448,0.04032604352028938,36,split_350.0_360.0/4_5.csv,0.6-4.0,140,271942,0.9658369280749678,7.73,1.2214244467267034E-5
354.0697,-0.1419,,445,354.069684,-0.141914,13.470384615384614,0.12684615384615386,12.709615384615386,0.16884615384615384,0.02889741734134732,13,split_350.0_360.0/4_4.csv,0.6-4.0,174,421934,0.3907393272332965,3.62,2.125834495759817E-5
354.0706,0.0099,,407,354.070636,0.009933,13.581888888888885,0.136,12.713592592592592,0.14633333333333334,0.04711736548234901,27,split_350.0_360.0/4_4.csv,0.6-4.0,296,421934,0.4977205439241524,2.21,4.8836498011911025E-5
354.0156,0.4455,,448,354.0155895,0.4455025,13.270954545454545,0.1046818181818182,12.47672727272727,0.128,0.040389240949797935,22,split_350.0_360.0/4_4.csv,0.6-4.0,113,421934,0.4731074551893187,5.1,1.0796672386269424E-5
354.4216,0.4697,,84,354.421552,0.46969449999999996,13.451444444444444,0.08661111111111112,12.513055555555557,0.10011111111111112,0.009028608766033069,18,split_350.0_360.0/4_5.csv,0.6-4.0,448,271942,2.156942614546728,4.11,4.8315059888697145E-5
354.7599,0.6105,,92,354.759943,0.610522,13.376000000000005,0.09699999999999999,12.5904,0.12453333333333334,0.015323000000023512,15,split_350.0_360.0/4_5.csv,0.6-4.0,511,271942,1.0590936825630857,4.39,4.8311133292149317E-5
354.8297,0.8185,,96,354.829702,0.818517,13.746609756097559,0.10119512195121952,12.873317073170734,0.10221951219512196,0.022564274617185357,41,split_350.0_360.0/4_5.csv,0.6-4.0,402,271942,1.965845578770922,8.0,1.713476502322363E-5
354.9814,0.5609,,104,354.981386,0.560856,13.437578947368419,0.09747368421052632,12.533473684210527,0.10073684210526317,0.03919469771538511,19,split_350.0_360.0/4_5.csv,0.6-4.0,140,271942,0.5244610035433591,2.35,4.6147776883730074E-5
354.2007,0.0754,,409,354.2006975,0.0754485,13.417133333333336,0.10623333333333336,12.598566666666667,0.1166,0.02814196937849809,30,split_350.0_360.0/4_4.csv,0.6-4.0,362,421934,0.9259116975684412,3.41,4.8562092557374796E-5
354.3124,-1.0567,,1016,354.3124375,-1.0566915000000001,13.0280625,0.12662500000000002,12.27575,0.13334374999999998,0.1016594020762502,32,split_350.0_360.0/4_3.csv,0.6-4.0,76,237906,0.3641034494751113,4.39,3.84493292461252E-5
354.6887,0.508,[BDB2003]_G354.67+00.48,88,354.6887355,0.5080169999999999,13.178166666666666,0.0995,12.137888888888886,0.11744444444444445,0.012706140021689979,18,split_350.0_360.0/4_5.csv,0.6-4.0,484,271942,1.5326598765859274,3.92,3.9353513703292E-5
355.3218,-0.6204,,717,355.32177,-0.620428,13.64652,0.13644,12.87004,0.14404,0.04862076043213612,25,split_350.0_360.0/5_3.csv,0.6-4.0,145,437859,0.4384056928060807,0.15,4.102869632717103E-5
355.4778,0.0636,faint,489,355.47781000000003,0.06363450000000001,13.333676470588234,0.09588235294117646,12.557558823529412,0.12291176470588233,0.02862008422856392,34,split_350.0_360.0/5_4.csv,0.6-4.0,693,412872,1.043098588249284,5.3,3.591647784384642E-5
355.6022,-0.0526,,501,355.60221,-0.052642,13.633933333333335,0.11440000000000003,12.914733333333334,0.1214,0.018576173179638656,15,split_350.0_360.0/5_4.csv,0.6-4.0,584,412872,0.7090099924770943,4.67,4.3174014111775134E-5
355.74294,0.6523,,139,355.74294,0.6522859999999999,13.42694117647059,0.1023529411764706,12.438156862745096,0.11758823529411765,0.02614342664992885,51,split_350.0_360.0/5_5.csv,0.6-4.0,280,402308,1.7352154061805485,20.55,1.4000190734941853E-5
355.1276,0.8671,,125,355.127644,0.867117,13.78936842105263,0.10394736842105264,12.977526315789476,0.12442105263157895,0.030042624202981275,19,split_350.0_360.0/5_5.csv,0.6-4.0,161,402308,0.5625504351060485,4.33,4.7169768182643244E-5
355.215,0.1718,,518,355.215013,0.17175449999999998,13.126725,0.12345000000000003,12.35935,0.12430000000000005,0.05757411276129125,40,split_350.0_360.0/5_4.csv,0.6-4.0,402,412872,0.6100284439041079,-3.11,4.7323075517039224E-5
355.6372,0.6503,,138,355.637208,0.650293,13.607916666666668,0.1245,12.906500000000005,0.14025,0.02393236229460148,12,split_350.0_360.0/5_5.csv,0.6-4.0,322,402308,0.4460067244795207,3.33,1.0647245265181945E-5
355.6935,-1.6143,,1055,355.693464,-1.6142610000000002,13.252862068965516,0.11975862068965515,12.426137931034482,0.15555172413793106,0.07281284190306131,29,split_350.0_360.0/5_2.csv,0.6-4.0,93,342105,0.3841805453899011,4.42,5.3084668776229324E-5
355.745,0.1311,,498,355.745009,0.131092,13.169894736842105,0.12984210526315787,12.206421052631578,0.12073684210526316,0.01906213209481675,19,split_350.0_360.0/5_4.csv,0.6-4.0,689,412872,0.8751842115593206,4.81,1.2040897641942153E-5
355.758,-0.5101,,534,355.757952,-0.5100560000000001,14.033758620689655,0.11720689655172414,13.303758620689655,0.14072413793103447,0.02410647666085025,29,split_350.0_360.0/5_4.csv,0.6-4.0,295,412872,1.0562862010286096,3.49,6.512005130367234E-5
355.8195,2.0612,**,1012,355.819455,2.06115,12.551473684210524,0.10273684210526317,11.831315789473686,0.12221052631578948,0.0570936738089537,19,split_350.0_360.0/5_6.csv,0.6-4.0,78,350623,0.31708118638186794,4.81,6.719641456548242E-5
355.8851,-0.6934,,714,355.885109,-0.6933860000000001,13.780666666666667,0.14355555555555555,13.001555555555555,0.1555,0.03891274405640654,18,split_350.0_360.0/5_3.csv,0.6-4.0,178,437859,0.3944015116076044,2.5,1.666466140497001E-5
355.8959,-0.1436,,530,355.895894,-0.143594,13.44570588235294,0.1285294117647059,12.682058823529413,0.13476470588235293,0.04159092614981842,17,split_350.0_360.0/5_4.csv,0.6-4.0,224,412872,0.35889522328563195,4.6,8.48664703128449E-6
355.9339,-0.3432,,536,355.933939,-0.34316149999999995,13.3227,0.1112,12.2373,0.11545,0.03752572318089079,20,split_350.0_360.0/5_4.csv,0.6-4.0,223,412872,0.4679702806475856,1.13,5.480060958101333E-5
355.9375,0.8494,,145,355.937477,0.8494079999999999,13.545848484848484,0.13303030303030305,12.754848484848486,0.13463636363636367,0.07390519934349722,33,split_350.0_360.0/5_5.csv,0.6-4.0,100,402308,0.39717753527420574,1.39,2.4356890877913664E-5
355.9443,1.4167,,155,355.944312,1.416664,13.594916666666665,0.12941666666666665,12.835833333333332,0.1545,0.046438025076436414,12,split_350.0_360.0/5_5.csv,0.6-4.0,70,402308,0.2298546180313037,2.4,3.795257943318961E-5
355.9578,0.5747,,142,355.957798,0.5747140000000001,13.963538461538462,0.15346153846153848,13.226692307692305,0.15346153846153845,0.02986770973811612,13,split_350.0_360.0/5_5.csv,0.6-4.0,112,402308,0.3871570388378825,3.33,1.4144212622881318E-5
355.2218,0.2663,,519,355.2217845,0.2662985,13.346166666666667,0.10222222222222224,12.555,0.13183333333333336,0.02369607694318892,18,split_350.0_360.0/5_4.csv,0.6-4.0,404,412872,0.6669809068188997,6.64,1.5571719555241116E-5
355.2828,-0.1943,,483,355.28280750000005,-0.194268,13.58045,0.1175,12.76795,0.13329999999999995,0.038225859771257024,20,split_350.0_360.0/5_4.csv,0.6-4.0,329,412872,0.4593990380739472,3.14,3.286316427572882E-5
355.2935,0.4778,,124,355.29346949999996,0.47785,13.046035714285713,0.13539285714285715,12.289892857142856,0.11660714285714288,0.06455958032121159,28,split_350.0_360.0/5_5.csv,0.6-4.0,123,402308,0.3857829787655209,2.05,5.855840379433562E-5
355.3786,-0.5707,,719,355.37864249999996,-0.5706770000000001,13.606916666666665,0.13725,12.831916666666665,0.14358333333333334,0.0338995270062612,12,split_350.0_360.0/5_3.csv,0.6-4.0,118,437859,0.3018182736259013,3.3,4.8319568513552366E-5
355.6812,-1.4655,,701,355.68116749999996,-1.4654595,13.539500000000002,0.13575,12.76575,0.1449642857142857,0.058216318506926434,28,split_350.0_360.0/5_3.csv,0.6-4.0,124,437859,0.4100824812309249,3.95,5.192560319716611E-5
355.9436,0.2085,,507,355.94364249999995,0.2085445,13.524863636363635,0.1225,12.660045454545456,0.12804545454545455,0.02672743041333577,22,split_350.0_360.0/5_4.csv,0.6-4.0,426,412872,0.7227412149457236,2.04,6.153609488419482E-5
355.1307,-0.3012,,481,355.1306600000001,-0.301197,13.343105263157895,0.13321052631578945,12.417526315789473,0.11973684210526316,0.049542191483630614,19,split_350.0_360.0/5_4.csv,0.6-4.0,319,412872,0.3367407970548509,0.0,4.011252409225642E-5
355.2393,1.1341,,128,355.2392700000001,1.134053,13.607533333333334,0.12366666666666665,12.870733333333336,0.13940000000000002,0.0556114487672937,15,split_350.0_360.0/5_5.csv,0.6-4.0,118,402308,0.2399234949069965,4.0,5.5724970357513915E-5
355.2544,1.6987,faint,1003,355.2544410000001,1.6987419999999998,14.214933333333335,0.11646666666666668,13.481666666666673,0.14800000000000002,0.033356588929242544,15,split_350.0_360.0/5_6.csv,0.6-4.0,189,350623,0.4284641491586248,2.41,5.8729072500945886E-5
355.715,0.09,Cl*_NGC_6383_ZMR_52,497,355.7149985000001,0.09004700000000003,13.414214285714285,0.107,12.597142857142858,0.13135714285714284,0.010886068310000684,14,split_350.0_360.0/5_4.csv,0.6-4.0,681,412872,1.1292089940895085,8.5,4.7020355615877844E-5
355.7751,0.2408,,509,355.7751100000001,0.24078200000000002,13.595083333333333,0.11041666666666666,12.719166666666665,0.13025,0.016728431516412106,12,split_350.0_360.0/5_4.csv,0.6-4.0,605,412872,0.6298590465425123,3.54,2.0585383271403662E-5
355.8367,0.9407,,144,355.83668150000005,0.904696,13.9983125,0.145375,13.164437499999998,0.14475,0.05381211207758062,16,split_350.0_360.0/5_5.csv,0.6-4.0,133,402308,0.2644756382648267,0.36,0.03600399931700095
356.0095,-2.7764,,1219,356.009506,-2.776422,13.662565217391306,0.09365217391304348,12.809478260869565,0.12256521739130435,0.08501998439190532,23,split_350.0_360.0/6_1.csv,0.6-4.0,47,155060,0.3875984118961526,5.85,2.2717402042653902E-5
356.0209,-0.0616,,726,356.020872,-0.061622,13.412769230769232,0.1383846153846154,12.561076923076925,0.14369230769230767,0.02561905341735232,13,split_350.0_360.0/6_4.csv,0.6-4.0,201,420631,0.44142273622949135,1.87,3.560919383979981E-5
356.8513,0.3243,,770,356.85134,0.324317,13.261967741935484,0.11148387096774197,12.409354838709678,0.12570967741935482,0.03238301542475182,31,split_350.0_360.0/6_4.csv,0.6-4.0,380,420631,0.8327580364956293,2.83,4.346609749560586E-5
356.1692,0.389,,783,356.169172,0.388964,13.86796551724138,0.14393103448275862,13.13444827586207,0.14965517241379309,0.044964,29,split_350.0_360.0/6_4.csv,0.6-4.0,280,420631,0.5610576446008391,2.3,4.560588782653288E-5
356.1733,-2.6678,OGLE_BLG,1220,356.173314,-2.667767,13.1065,0.119625,12.3785625,0.1441875,0.07846906652943272,16,split_350.0_360.0/6_1.csv,0.6-4.0,53,155060,0.29214379749195063,3.66,3.580054708897398E-5
356.0177,-0.7578,CLUMP,171,356.0177095,-0.7577775,13.495357142857143,0.11542857142857142,12.676178571428574,0.1335714285714286,0.060234114275042785,28,split_350.0_360.0/6_3.csv,0.6-4.0,109,458347,0.38738550804198857,7.72,2.440771180716234E-5
356.2436,-1.2518,,167,356.243617,-1.251833,13.561941176470587,0.11894117647058824,12.842941176470587,0.15105882352941175,0.05771930613758431,17,split_350.0_360.0/6_3.csv,0.6-4.0,118,458347,0.24544584625060725,4.91,3.717382572347435E-5
356.2548,0.9273,,810,356.254818,0.9273334999999999,13.555125,0.12415625,12.78290625,0.13709375,0.0468210842062643,32,split_350.0_360.0/6_5.csv,0.6-4.0,199,420949,0.5943179327831476,3.13,3.8050429498559354E-5
356.3722,0.5687,,812,356.372176,0.5686640000000001,13.041961538461535,0.09276923076923077,12.03546153846154,0.11507692307692308,0.031793480621026736,26,split_350.0_360.0/6_5.csv,0.6-4.0,223,420949,0.7111244243782222,3.4,4.327955029384137E-5
356.4022,1.2116,,830,356.402197,1.2115725,13.77475,0.13633333333333333,12.979083333333335,0.13983333333333334,0.05164613239394729,12,split_350.0_360.0/6_5.csv,0.6-4.0,99,420949,0.20204763178496385,2.01,2.7609493393245337E-5
356.416,-1.1163,,169,356.415954,-1.116294,13.753789473684213,0.13794736842105265,13.01484210526316,0.15363157894736842,0.0730596586975247,19,split_350.0_360.0/6_3.csv,0.6-4.0,102,458347,0.2167224137397499,1.59,4.6387953657313E-5
356.4216,-0.0469,,743,356.421641,-0.046947,13.933657142857143,0.11405714285714284,13.182685714285714,0.12871428571428573,0.015164540118319988,35,split_350.0_360.0/6_4.csv,0.6-4.0,1033,420631,2.0077666003419052,8.29,6.23695456202264E-5
356.5326,-0.4307,,798,356.532622,-0.43065699999999996,13.393227272727273,0.11618181818181818,12.546409090909092,0.12131818181818185,0.025474544156848772,22,split_350.0_360.0/6_4.csv,0.6-4.0,253,420631,0.7512607245168454,5.16,4.830478946895069E-5
356.6387,0.803,,827,356.638701,0.803042,13.976526315789473,0.14210526315789473,13.13215789473684,0.14747368421052634,0.06305161422200939,19,split_350.0_360.0/6_5.csv,0.6-4.0,150,420949,0.2620400742660358,2.03,4.2038598396562796E-5
356.9491,0.1448,,765,356.949118,0.144772,13.520485714285714,0.09082857142857144,12.590942857142856,0.11042857142857143,0.01022750732094287,35,split_350.0_360.0/6_4.csv,0.6-4.0,538,420631,2.9769577477360207,4.4,3.329281121651993E-5
356.1568,-0.2072,,787,356.1567665,-0.20723049999999998,13.6335,0.128,12.877388888888886,0.14472222222222222,0.03924073633994167,18,split_350.0_360.0/6_4.csv,0.6-4.0,237,420631,0.3990338903474847,2.8,4.530072127824565E-5
356.3775,0.1833,,741,356.37748849999997,0.1833225,13.537999999999998,0.09741666666666668,12.689583333333333,0.11599999999999999,0.01383762813849383,12,split_350.0_360.0/6_4.csv,0.6-4.0,1067,420631,0.7543866875213964,3.16,2.5265521762034317E-5
356.9676,0.8067,,822,356.9675555,0.8066734999999999,13.609461538461538,0.11923076923076925,12.835230769230769,0.1406153846153846,0.0469316846757039,26,split_350.0_360.0/6_5.csv,0.6-4.0,143,420949,0.4817453445755451,1.71,5.1788368052154034E-5
356.2068,0.8137,,809,356.20684000000006,0.8137304999999999,12.832833333333333,0.10225,12.01675,0.12566666666666668,0.028977680518832975,12,split_350.0_360.0/6_5.csv,0.6-4.0,247,420949,0.3601040026053129,2.94,5.0289276283788286E-5
356.5333,0.8276,,826,356.5332865000001,0.8276344999999999,13.0415,0.11633333333333333,12.304583333333332,0.12983333333333333,0.048234052250419615,12,split_350.0_360.0/6_5.csv,0.6-4.0,148,420949,0.21634049502774208,3.44,3.704513563631106E-5
356.8681,0.0041,,772,356.8680930000001,0.004094,13.16090909090909,0.07942424242424242,12.310363636363634,0.1081212121212121,0.012852741380698552,33,split_350.0_360.0/6_4.csv,0.6-4.0,599,420631,2.233534146507166,9.98,9.219557492416701E-6
356.8842,0.1537,,764,356.8841930000001,0.15374200000000002,13.85232,0.12532000000000001,13.09568,0.14200000000000002,0.0226638968626716,25,split_350.0_360.0/6_4.csv,0.6-4.0,635,420631,0.9595770420870502,2.44,4.258517004196648E-5
357.068,-1.0453,,1216,357.06800699999997,-1.045301,13.868916666666665,0.14533333333333334,13.219833333333332,0.16316666666666668,0.040463249597619606,12,split_350.0_360.0/7_3.csv,0.6-4.0,164,478080,0.2419887988319033,3.25,7.070099998634655E-6
357.2034,0.5155,,52,357.203359,0.515461,13.256230769230768,0.13053846153846155,12.486846153846152,0.1546153846153846,0.028622863396240775,13,split_350.0_360.0/7_5.csv,0.6-4.0,183,452889,0.380767131147656,6.05,5.659246200324364E-5
357.2664,0.9389,,63,357.266447,0.938932,12.911705882352944,0.13735294117647062,11.943941176470585,0.12447058823529412,0.05131349422909664,17,split_350.0_360.0/7_5.csv,0.6-4.0,126,452889,0.2777451663378885,2.09,5.686291117352026E-5
357.3441,0.2971,,1083,357.344066,0.297058,13.551225806451617,0.12016129032258065,12.746096774193552,0.13516129032258062,0.04369099131397503,31,split_350.0_360.0/7_4.csv,0.6-4.0,387,440333,0.6032596000003876,3.75,5.404288035377412E-5
357.9436,-0.4854,,1127,357.943561,-0.485425,13.350476190476193,0.11095238095238097,12.592142857142855,0.1472857142857143,0.04774658626541865,21,split_350.0_360.0/7_4.csv,0.6-4.0,203,440333,0.3739481723840617,0.0,4.632964907412916E-5
357.946,0.0998,,1115,357.946024,0.099844,13.599153846153845,0.11115384615384616,12.738,0.14338461538461542,0.021916999999999992,13,split_350.0_360.0/7_4.csv,0.6-4.0,355,440333,0.5043089680980545,1.25,5.0121520338580535E-5
357.609,-1.0987,,1196,357.6090295,-1.098678,13.520458333333332,0.12791666666666665,12.777958333333334,0.13933333333333334,0.0677443779457343,24,split_350.0_360.0/7_3.csv,0.6-4.0,148,478080,0.2890764802595702,-0.12,3.682797710587044E-5
357.9059,-0.1286,,1093,357.90587650000003,-0.12858599999999998,13.497166666666667,0.118,12.763,0.12333333333333332,0.019257134866034174,18,split_350.0_360.0/7_4.csv,0.6-4.0,447,440333,0.7947220807430347,1.75,2.735484203989911E-5
357.9681,-1.5746,NGC_6425,400,357.9680915,-1.574591,13.679375,0.1389375,12.8369375,0.1420625,0.043282937068220735,16,split_350.0_360.0/7_2.csv,0.6-4.0,106,395720,0.3315387707542273,0.68,1.23658357067568E-5
357.1184,2.7,,0,357.1183640000001,2.6999945,13.509590909090907,0.119,12.66168181818182,0.14768181818181814,0.0780057847935205,22,split_350.0_360.0/7_7.csv,0.6-4.0,56,194135,0.3611345285858478,4.23,3.642494733102903E-5
357.5354,0.2367,,1080,357.5353810000001,0.236747,13.167142857142856,0.09928571428571427,12.26804761904762,0.11666666666666665,0.022906830858926044,21,split_350.0_360.0/7_4.csv,0.6-4.0,436,440333,0.7794508450990648,7.27,5.0696670460716626E-5
357.5497,-0.5552,bub,1212,357.5497180000001,-0.555233,13.40732,0.10692,12.56956,0.13052,0.03629704810310972,25,split_350.0_360.0/7_3.csv,0.6-4.0,230,478080,0.5620092678948785,1.09,3.760680542415627E-5
357.7459,0.5459,,57,357.7459300000001,0.5458814999999999,13.795318181818182,0.13931818181818184,13.049772727272728,0.1464090909090909,0.05487604473031715,22,split_350.0_360.0/7_5.csv,0.6-4.0,163,452889,0.33610042127590184,2.87,3.523886118014359E-5
358.0845,0.4909,,541,358.084467,0.49091949999999995,13.849607142857144,0.13853571428571432,13.110107142857142,0.13292857142857142,0.04980607975188538,28,split_350.0_360.0/8_5.csv,0.6-4.0,102,450560,0.4725245952454869,2.5,3.832577650929523E-5
358.0988,-0.4161,,673,358.098764,-0.416108,14.058695652173913,0.11247826086956522,13.31,0.11334782608695652,0.014038443111674329,23,split_350.0_360.0/8_4.csv,0.6-4.0,740,468454,1.3505183124969058,8.98,3.68791814452103E-5
358.1047,-2.1782,,1335,358.104688,-2.1782205,12.95122222222222,0.09877777777777777,12.094111111111115,0.10777777777777778,0.0233517737281303,18,split_350.0_360.0/8_2.csv,0.6-4.0,195,483879,0.625186091502816,4.74,2.374835061500486E-5
358.1803,1.5283,,885,358.180344,1.528347,13.619354838709679,0.1485161290322581,12.747161290322582,0.135741935483871,0.07737047142805588,31,split_350.0_360.0/8_6.csv,0.6-4.0,105,519810,0.31353728933036384,2.82,6.434742923225399E-5
358.2514,-0.3876,,660,358.251405,-0.387589,12.836333333333332,0.09342857142857144,12.00809523809524,0.08590476190476191,0.015628305122478002,21,split_350.0_360.0/8_4.csv,0.6-4.0,818,468454,1.1076409435268637,3.75,1.2087300269359896E-5
358.2738,-2.0017,,1341,358.273794,-2.001653,13.596777777777776,0.09004444444444445,12.6462,0.10446666666666668,0.010324899466815913,45,split_350.0_360.0/8_2.csv,0.6-4.0,540,483879,3.5349506776481374,9.46,4.730650896217562E-5
358.2843,-2.0424,,1339,358.284264,-2.0424450000000003,14.329,0.11284615384615385,13.368000000000002,0.13061538461538466,0.007663520078925773,13,split_350.0_360.0/8_2.csv,0.6-4.0,516,483879,1.375852030522525,Infinity,5.7719314788685957E-5
358.2972,0.1376,,688,358.297225,0.13764749999999998,12.979318181818185,0.1336818181818182,12.20727272727273,0.13899999999999998,0.034242528823844015,22,split_350.0_360.0/8_4.csv,0.6-4.0,402,468454,0.5296005636650568,5.02,5.367314122509512E-5
358.3117,-0.7124,,1323,358.311705,-0.712389,13.916368421052633,0.0953157894736842,13.170052631578946,0.11163157894736843,0.031097661455488656,19,split_350.0_360.0/8_3.csv,0.6-4.0,397,438372,0.5206304079175422,4.22,1.2100499273532656E-5
358.3701,-0.4677,G3CC_48,652,358.370149,-0.467672,13.0658,0.07706666666666666,11.8402,0.11686666666666665,0.007982121021399252,15,split_350.0_360.0/8_4.csv,0.6-4.0,951,468454,1.5490467996430877,4.9,5.643807556251718E-5
358.4148,-0.3053,,677,358.41480099999995,-0.3052975,13.5855,0.1425,12.8671875,0.15025,0.02921192749977459,16,split_350.0_360.0/8_4.csv,0.6-4.0,763,468454,0.4514933483078644,2.58,2.690103264054238E-6
358.426,1.1433,,560,358.425964,1.143329,12.778307692307695,0.12292307692307695,12.021692307692305,0.13915384615384616,0.05301501587285228,13,split_350.0_360.0/8_5.csv,0.6-4.0,90,450560,0.20610721910210636,3.3,4.619230075315098E-5
358.4386,0.3972,,696,358.438637,0.3972335,13.290766666666665,0.14243333333333333,12.463,0.1513,0.06342684852844781,30,split_350.0_360.0/8_4.csv,0.6-4.0,159,468454,0.3898878569385832,3.85,4.992023307494278E-5
358.4761,0.2791,,695,358.476134,0.279133,12.741933333333332,0.14673333333333333,11.963733333333332,0.14753333333333327,0.03694165572900099,15,split_350.0_360.0/8_4.csv,0.6-4.0,270,468454,0.3347083063430601,1.18,4.7380833196315595E-5
358.4955,-3.3635,,1030,358.495468,-3.363472,13.532307692307697,0.1293076923076923,12.635230769230773,0.1613846153846154,0.04469996001115751,13,split_350.0_360.0/8_1.csv,0.6-4.0,82,303923,0.2976319142853208,3.48,4.259854806589598E-5
358.0652,1.8684,,887,358.0651755,1.868382,13.816625,0.151375,12.937625,0.1331875,0.06262360283671893,16,split_350.0_360.0/8_6.csv,0.6-4.0,99,519810,0.19993309159056927,1.64,3.0388272779373187E-5
358.6668,-1.686,,1361,358.666807,-1.685966,13.02957142857143,0.14900000000000002,12.257642857142857,0.16228571428571428,0.07172478167271233,14,split_350.0_360.0/8_2.csv,0.6-4.0,94,483879,0.15831259843209392,0.83,3.470283506296879E-5
358.7438,-0.3293,,637,358.743831,-0.329269,12.935695652173916,0.10908695652173912,12.14121739130435,0.11386956521739128,0.02376289942325716,23,split_350.0_360.0/8_4.csv,0.6-4.0,741,468454,0.7978476937333059,4.05,4.383097828028362E-5
358.8771,0.1395,,630,358.877114,0.13949699999999998,13.21855,0.14975,12.454350000000002,0.13970000000000002,0.02956324767342798,20,split_350.0_360.0/8_4.csv,0.6-4.0,591,468454,0.5576599323208971,2.55,1.4319296426797813E-5
358.891129,0.0113,VVV_CL136,624,358.891129,0.011331,12.641058823529413,0.08476470588235295,11.712882352941177,0.1246470588235294,0.022162905675965117,17,split_350.0_360.0/8_4.csv,0.6-4.0,1112,468454,0.6322863570833237,3.05,3.099963790178378E-5
358.8929,0.3166,,684,358.892914,0.316572,13.621846153846151,0.1503846153846154,12.909846153846152,0.14423076923076922,0.02865490411783256,13,split_350.0_360.0/8_4.csv,0.6-4.0,287,468454,0.3739693250698584,2.58,3.130038826927879E-5
358.9147,-0.0362,,621,358.914734,-0.036164999999999996,12.57955882352941,0.0651764705882353,11.822705882352938,0.07617647058823529,0.0173826442177231,34,split_350.0_360.0/8_4.csv,0.6-4.0,1066,468454,1.6123327057398478,5.05,4.879680842922153E-5
358.1468,1.4119,,559,358.14681349999995,1.4119389999999998,12.96015,0.13555,12.2289,0.1388,0.0625292910822881,20,split_350.0_360.0/8_5.csv,0.6-4.0,91,450560,0.26884083635245803,5.1,4.1229356791308664E-5
358.2259,-0.5544,,1315,358.25585950000004,-0.55445,13.906714285714285,0.09971428571428573,13.174071428571427,0.11664285714285715,0.02093039300276613,14,split_350.0_360.0/8_3.csv,0.6-4.0,237,438372,0.5699730388143462,9.0,0.0299595416782697
358.427,-0.5308,,656,358.4269855,-0.530767,13.259613636363635,0.0924090909090909,12.448772727272727,0.09272727272727273,0.0231482536976203,44,split_350.0_360.0/8_4.csv,0.6-4.0,603,468454,1.5668449813377543,3.32,3.603131604669258E-5
358.455,-0.5606,,1311,358.4549995,-0.5606439999999999,13.409111111111109,0.09683333333333333,12.532444444444444,0.09916666666666668,0.011989724110715905,18,split_350.0_360.0/8_3.csv,0.6-4.0,386,438372,1.2792840213934944,2.32,4.402010120845297E-5
358.7851,-2.038,,1354,358.7851085,-2.0379775,12.862083333333333,0.1371666666666667,11.91625,0.15075,0.04826029190234394,12,split_350.0_360.0/8_2.csv,0.6-4.0,142,483879,0.2016731018575937,2.12,2.4151975631021958E-5
358.8966,2.9353,,388,358.8965915,2.9353415000000003,12.8805,0.11285714285714285,12.024071428571427,0.13364285714285715,0.05735543270256273,14,split_350.0_360.0/8_7.csv,0.6-4.0,45,300457,0.2512391847624409,9.07,4.225204764329117E-5
358.9766,-0.1816,,628,358.9766025,-0.181572,13.295730769230769,0.1006153846153846,12.533269230769227,0.11076923076923076,0.021104369956262418,26,split_350.0_360.0/8_4.csv,0.6-4.0,563,468454,1.0155295017189092,3.3,2.8115802610371208E-5
358.068,2.1581,,897,358.0679535000001,2.1580945,13.67395,0.11865,12.8953,0.15815,0.07067867243015634,20,split_350.0_360.0/8_6.csv,0.6-4.0,111,519810,0.22143402831415965,3.7,4.68113175495859E-5
358.2632,-2.0543,,1338,358.2631545000001,-2.0543275000000003,13.03959375,0.08809375,12.13971875,0.101625,0.011560152269728024,32,split_350.0_360.0/8_2.csv,0.6-4.0,524,483879,2.2451383078486264,7.54,5.3128762173196494E-5
358.5686,-0.2898,,650,358.5685825000001,-0.28976250000000003,13.230000000000002,0.10838888888888892,12.402222222222221,0.13,0.010489076627570615,18,split_350.0_360.0/8_4.csv,0.6-4.0,797,468454,1.41457778924734,5.72,4.137173394362498E-5
358.5807,-0.3051,,649,358.5807660000001,-0.30509899999999995,13.28692857142857,0.10207142857142858,12.501285714285714,0.11892857142857145,0.008196689148668768,14,split_350.0_360.0/8_4.csv,0.6-4.0,811,468454,1.4079303092272466,4.49,6.600748397364002E-5
358.9512,1.5391,,904,358.9512215000001,1.5391344999999998,13.596833333333334,0.1225,12.858833333333335,0.12916666666666668,0.06010305535084156,12,split_350.0_360.0/8_6.csv,0.6-4.0,52,519810,0.15623827834456985,4.04,4.060774175056779E-5
359.0407,-0.4992,,1422,359.040738,-0.499233,13.345130434782613,0.11221739130434784,12.568304347826087,0.10265217391304347,0.037157591418155285,23,split_350.0_360.0/9_4.csv,0.6-4.0,130,484882,0.5015189107011184,2.5,5.033779856119337E-5
359.5038,-0.0477,,1449,359.50383,-0.047715,12.451642857142858,0.09328571428571428,11.588214285714288,0.10228571428571433,0.0042008094458048,14,split_350.0_360.0/9_4.csv,0.6-4.0,4050,484882,2.700238258717861,4.92,3.3541438155354246E-5
359.5045,0.1322,,1584,359.50453,0.1322,12.566615384615385,0.09215384615384616,11.74823076923077,0.10523076923076924,0.013546881892125578,13,split_350.0_360.0/9_4.csv,0.6-4.0,1618,484882,0.7775190533307819,1.58,3.000000009994134E-5
359.6431,0.0172,,1455,359.64313,0.0171585,11.561333333333332,0.06966666666666667,10.779333333333335,0.06933333333333334,0.0034243148584800977,12,split_350.0_360.0/9_4.csv,0.6-4.0,2676,484882,2.8393216124608283,10.0,5.120838292335829E-5
359.0701,-0.2674,Xr,1424,359.07011600000004,-0.2674265,12.953791666666667,0.10129166666666667,12.213083333333335,0.10091666666666664,0.026381220692980684,24,split_350.0_360.0/9_4.csv,0.6-4.0,599,484882,0.7370948674971841,3.21,3.0958593329480766E-5
359.0986,2.1024,,1050,359.098569,2.10235,13.452928571428574,0.16078571428571428,12.601785714285715,0.14721428571428571,0.040007943711190735,14,split_350.0_360.0/9_6.csv,0.6-4.0,113,466196,0.2891496010035301,8.98,5.8885065960980536E-5
359.1266,-0.3246,,1423,359.126558,-0.32461100000000004,13.152760000000002,0.10748,12.40936,0.09600000000000003,0.037126668595527934,25,split_350.0_360.0/9_4.csv,0.6-4.0,621,484882,0.5455832892139039,3.27,4.341377312967389E-5
359.166,-0.7932,,12,359.166044,-0.793197,13.1094,0.07486666666666665,12.279933333333336,0.09973333333333337,0.03942211764987109,15,split_350.0_360.0/9_3.csv,0.6-4.0,199,462127,0.31578805724380954,3.79,4.4103246901959646E-5
359.2981,-0.031,,1439,359.298087,-0.031019,12.465797101449276,0.0843768115942029,11.664101449275364,0.08879710144927537,0.017497527053876496,69,split_350.0_360.0/9_4.csv,0.6-4.0,2539,484882,3.195063173486892,7.17,2.302214698292999E-5
359.4614,-0.8693,,27,359.461391,-0.869253,13.353333333333332,0.13846666666666665,12.574000000000002,0.147,0.03997749408102518,15,split_350.0_360.0/9_3.csv,0.6-4.0,211,462127,0.3114010578016311,3.61,4.786162506566884E-5
359.705,-0.3706,[DB2000]_56,1600,359.705044,-0.370592,12.633781818181815,0.10896363636363636,11.78270909090909,0.10330909090909092,0.036592176554565,55,split_350.0_360.0/9_4.csv,0.6-4.0,757,484882,1.2178154493580284,6.78,4.471870061231883E-5
359.7471,-0.0992,,1521,359.747079,-0.099214,11.965695652173913,0.11073913043478263,11.21808695652174,0.09530434782608696,0.011331194906098295,23,split_350.0_360.0/9_4.csv,0.6-4.0,3423,484882,1.6445957312305368,4.99,2.5237278645315713E-5
359.8198,-0.4394,,1602,359.819816,-0.439408,13.150052631578946,0.10121052631578947,12.387105263157894,0.10784210526315792,0.015630598772916147,19,split_350.0_360.0/9_4.csv,0.6-4.0,682,484882,0.98488385510864,5.0,1.7894155774300064E-5
359.8662,0.9766,,876,359.866232,0.976583,12.633047619047618,0.1191904761904762,11.887000000000002,0.1237619047619048,0.06351619403742627,21,split_350.0_360.0/9_5.csv,0.6-4.0,147,464415,0.2737201519334846,4.35,3.6231271169912506E-5
359.8741,0.1393,,1558,359.874116,0.139275,13.079235294117648,0.13694117647058826,12.259176470588233,0.13723529411764707,0.01496717648723474,17,split_350.0_360.0/9_4.csv,0.6-4.0,1992,484882,0.9202717153286276,4.62,2.9684716674499472E-5
359.8778,-0.2187,,1539,359.877781,-0.21867950000000005,12.96225,0.14233333333333334,12.218916666666665,0.14741666666666667,0.010208219984399941,12,split_350.0_360.0/9_4.csv,0.6-4.0,2434,484882,0.9524413855120116,5.0,2.7955693762998742E-5
359.9523,-2.6933,,993,359.9847375,-2.1870795000000003,13.206142857142856,0.13014285714285714,12.126928571428572,0.13471428571428573,0.0661049125292509,14,split_350.0_360.0/9_2.csv,0.6-4.0,57,475462,0.1732851944408103,2.37,0.5072587060952817
359.952261,-2.6933,,375,359.952261,-2.693291,13.725705882352939,0.13823529411764707,12.896529411764707,0.1575294117647059,0.057512212077140336,17,split_350.0_360.0/9_1.csv,0.6-4.0,60,313366,0.2979119854854988,2.59,9.00877380383136E-6
359.9577,-0.0739,,1515,359.957717,-0.0738875,11.736041666666667,0.10725,10.548583333333333,0.11329166666666668,0.006315118387657471,24,split_350.0_360.0/9_4.csv,0.6-4.0,2477,484882,3.0791920558625767,2.43,2.1100510031273655E-5
359.9702,1.1908,,883,359.970186,1.190794,13.523347826086955,0.13643478260869565,12.693130434782608,0.15630434782608701,0.07632296938667887,23,split_350.0_360.0/9_5.csv,0.6-4.0,87,464415,0.24948504749463066,4.71,1.5212527279400844E-5
359.314,-0.0701,,1438,359.31402349999996,-0.07012499999999999,12.592111111111114,0.07233333333333332,11.665722222222223,0.08616666666666667,0.005613416094474764,18,split_350.0_360.0/9_4.csv,0.6-4.0,2735,484882,2.5980786980471517,6.71,3.4309626366626914E-5
359.6094,-0.2198,,1488,359.6093955,-0.2198095,13.000388888888885,0.0917777777777778,11.931277777777774,0.1093888888888889,0.005116812533203971,18,split_350.0_360.0/9_4.csv,0.6-4.0,2747,484882,2.8502308192240675,5.37,1.0516035182044158E-5
359.6279,-1.2906,,34,359.6278985,-1.29055,13.372666666666667,0.1487222222222222,12.576444444444444,0.15344444444444447,0.06391971665497029,18,split_350.0_360.0/9_3.csv,0.6-4.0,140,462127,0.2337125618804821,-0.29,4.9964728295214336E-5
359.8738,0.2421,,1583,359.8738455,0.24207350000000002,13.211949999999998,0.11005,12.43725,0.1021,0.01551950039466924,20,split_350.0_360.0/9_4.csv,0.6-4.0,1460,484882,1.0441413424293096,6.94,5.265472645386603E-5
359.3048,0.0024,,1440,359.30477899999994,0.0024305000000000004,12.47213157894737,0.07842105263157892,11.623894736842106,0.09642105263157894,0.013258474921762048,38,split_350.0_360.0/9_4.csv,0.6-4.0,2501,484882,2.3221862948744234,5.6,3.7030299066226254E-5
359.4373,-0.0327,,1456,359.4373080000001,-0.032744,12.65163157894737,0.12121052631578948,11.843263157894736,0.10352631578947367,0.009472777522987126,19,split_350.0_360.0/9_4.csv,0.6-4.0,3870,484882,1.6251119948472748,2.14,4.472286669822471E-5
359.5629,0.113,,1592,359.56292899999994,0.11300999999999999,12.527607142857141,0.11982142857142855,11.774107142857144,0.11125,0.02621662001479867,28,split_350.0_360.0/9_4.csv,0.6-4.0,1906,484882,0.8653431584042898,1.8,3.067636449593603E-5
359.5976,0.8657,,865,359.5976060000001,0.865699,13.253291666666668,0.13454166666666667,12.444916666666666,0.133875,0.0634631857773252,24,split_350.0_360.0/9_5.csv,0.6-4.0,171,464415,0.313084319343591,2.03,6.08383211538625E-6
